Alfa,Beta,H1,H2,Beta_cubed,Alfa_cubed,log_H1,Alfa_plus_Beta,H1_plus_H2,H1_div_H2,log_H2,N1,N2,N3,Delta,eta_1_pct,eta_2_pct
60.0,60.0,0.038,0.038,216000.0,216000.0,-3.270142803812532,120.0,0.076,0.9999736849030288,-3.270142803812532,131,6043,243,5912,2.04,94.17
49.21,59.15,0.0467,0.0397,206947.5653121387,119174.05782431674,-3.063508467168946,108.36063883568805,0.08639151333584658,1.1777776580897967,-3.227159192073523,133,5470,814,5337,2.07,85.24
45.44,45.44,0.0111,0.0538,93829.83015767492,93832.4075913617,-4.503189297308541,90.88222702343153,0.06489334119519183,0.20572778930543098,-2.9220782109024266,184,5298,935,5114,2.87,82.56
53.12,54.96,0.0091,0.0593,166050.79741178418,149884.04667436378,-4.700589199407305,108.08348591955215,0.06839715092761744,0.15324629180844107,-2.824990315964305,127,5823,467,5696,1.98,90.74
57.11,46.41,0.0176,0.0177,99980.36139276988,186263.6744730205,-4.038746722079612,103.52248521300754,0.03532063933650227,0.995223558991624,-4.034015594201249,299,5608,510,5309,4.66,87.39
48.0,51.8,0.0308,0.0234,139008.322066054,110579.41159021751,-3.478589631603598,99.80022713670813,0.054255913002644346,1.3179759528333157,-3.754719236822237,226,5163,1028,4937,3.52,80.46
53.3,45.16,0.0235,0.0274,92077.63527991067,151457.47203627505,-3.7526523203861264,98.46073153020876,0.05083499341774933,0.8565789438386749,-3.5978861601136547,256,5453,708,5197,3.99,84.98
50.62,56.29,0.0186,0.0352,178399.21135690916,129686.43104423636,-3.9865448975946256,106.91149256177334,0.05376574486825728,0.5272907093293395,-3.3465955155649927,184,5505,728,5321,2.87,85.79
52.97,43.55,0.0401,0.017,82604.262975699,148617.18939519866,-3.2153788796747653,96.5204209322902,0.05715984880864382,2.35811117675376,-4.073264742468389,302,5466,649,5164,4.71,85.18
43.87,59.12,0.0591,0.0508,206616.62895543154,84443.54486814611,-2.828813151773157,102.99041549661607,0.10984615426500499,1.163827023322562,-2.9805438101508397,70,5158,1189,5088,1.09,80.38
48.0,44.43,0.0442,0.0313,87734.61576674135,110623.71195670245,-3.11910001488332,92.43943148485076,0.07547999402131801,1.412684435586086,-3.4646143905273883,211,5290,916,5079,3.29,82.44
44.86,51.29,0.0098,0.0561,134940.98118643134,90247.92336620479,-4.623318600016293,96.14696125049184,0.06592220203696263,0.17501682846003122,-2.8805472895579878,164,5209,1044,5045,2.56,81.18
47.21,54.18,0.0245,0.0355,159030.76819262886,105247.34197718649,-3.7094693414727162,101.39246408770649,0.06000111424543603,0.6896007919287245,-3.3378677631944367,195,5379,843,5184,3.04,83.82
52.18,45.94,0.0593,0.049,96947.63510905557,142079.36545300524,-2.825280437182863,98.11949167648692,0.10829555316454811,1.2098845011532915,-3.01582220445952,126,5608,683,5482,1.96,87.39
58.96,58.19,0.0396,0.0568,196992.82030689847,204923.57051130472,-3.2281711710732166,117.1421285368592,0.09639605591182929,0.6980835371685303,-2.8687799022349103,91,6109,217,6018,1.42,95.2
44.28,46.13,0.0104,0.0252,98168.07115789472,86799.99931385825,-4.56657239918166,90.40720003712588,0.03560249808074415,0.41222220840566287,-3.6804758833379423,296,5001,1120,4705,4.61,77.93
49.45,47.43,0.0518,0.0269,106703.96246508516,120954.56774667898,-2.959569804486016,96.88545404524326,0.07871246521622793,1.9290637470205934,-3.6166238743882415,204,5319,894,5115,3.18,82.89
47.6,52.11,0.0155,0.0504,141514.48938461253,107823.80668852145,-4.169765021388779,99.7076277265871,0.06589111178305365,0.3064183833841172,-2.9870258788035073,161,5399,857,5238,2.51,84.14
44.04,59.77,0.0489,0.0185,213566.2347019583,85393.25099436713,-3.0189446421824617,103.80979825983496,0.06736380784895091,2.638772276161164,-3.9892788741511396,191,4902,1324,4711,2.98,76.39
42.85,56.82,0.0454,0.0466,183412.20751745478,78651.72318838134,-3.092380771737125,99.66196616122804,0.09195723267890718,0.974815556067615,-3.0668958022986987,87,5142,1188,5055,1.36,80.13
56.05,44.03,0.027,0.0141,85342.48375214302,176128.4196029871,-3.6132586796232102,100.08168372274562,0.041092310288871385,1.9081340422997053,-4.259421590356869,289,5664,464,5375,4.5,88.27
57.64,53.5,0.0255,0.0114,153146.62761171584,191486.77329444993,-3.6688609475838985,111.14042678412936,0.0368667422448358,2.244475418441089,-4.477371982845109,297,5701,419,5404,4.63,88.84
48.11,48.36,0.0466,0.0417,113094.905797284,111384.93174615555,-3.0662155372506374,96.47385735455657,0.08832295706877435,1.116669887669859,-3.1765879396583094,184,5438,795,5254,2.87,84.74
58.05,50.9,0.0143,0.0457,131838.8683394515,195661.72018177487,-4.24557202610185,108.95012726848526,0.0600571848542326,0.31327397648982874,-3.0849646771451646,188,5897,332,5709,2.93,91.9
55.87,52.43,0.0488,0.0341,144141.8390607467,174428.96853703627,-3.020329032436752,108.30557374671528,0.08290595086727255,1.4296652776760341,-3.3777898759995058,177,5678,562,5501,2.76,88.48
51.77,50.13,0.0093,0.0137,125940.4680544085,138727.4964694174,-4.672841951438332,101.89222387352439,0.02305212829270844,0.6816720622762777,-4.289742374681968,316,5272,829,4956,4.92,82.16
43.29,53.73,0.0246,0.0349,155097.19857949103,81138.61076026525,-3.7037725518208755,97.02023304739637,0.059532820961550464,0.7056256163642827,-3.355142682249791,237,5051,1129,4814,3.69,78.71
58.41,47.05,0.0297,0.048,104156.63488589127,199233.20535579033,-3.5162629517601798,105.45581262804319,0.07767791185751209,0.6193343789277258,-3.0371866507166887,188,6049,180,5861,2.93,94.27
46.7,44.08,0.0233,0.0165,85637.2647796797,101826.42087454948,-3.758064407227168,90.77467179927717,0.03985645795487516,1.4112769369110878,-4.1026021970921285,303,5000,1114,4697,4.72,77.92
58.79,56.69,0.0415,0.0541,182188.5713248486,203165.6113141952,-3.1818676845874747,115.47736105039559,0.09560732394033167,0.7672104996047945,-2.9168977066946584,84,6139,194,6055,1.31,95.67
56.61,45.97,0.0552,0.0365,97135.11950818221,181449.7646755289,-2.896477682810878,102.58167684229383,0.09174757561745775,1.5114437146271595,-3.309561089671893,159,5753,505,5594,2.48,89.65
56.68,58.21,0.0248,0.0138,197214.35227235002,182075.46503601922,-3.695969173848456,114.88591760026034,0.0386441306335257,1.795763473907954,-4.281439724421335,257,5587,573,5330,4.0,87.07
46.68,50.12,0.0513,0.0535,125884.14657430508,101729.06597173057,-2.9705718461660298,96.7994909076514,0.10480562897156045,0.9577711060693063,-2.927444890919591,100,5328,989,5228,1.56,83.03
42.87,51.56,0.0301,0.0197,137071.9545387151,78787.65026447158,-3.503826894353364,94.43031522112605,0.04983054524047204,1.5230519345106903,-3.924576310799967,236,4830,1351,4594,3.68,75.27
44.82,48.57,0.0579,0.0251,114606.14278457544,90021.87287479287,-2.8493674247377285,93.39153929321861,0.08297735844087023,2.3061168195296418,-3.684949781246269,195,5038,1184,4843,3.04,78.51
51.7,54.88,0.0272,0.0594,165261.965448062,138181.50282643194,-3.6031787168891243,106.57621526601488,0.08664327814180348,0.4584547735238732,-2.8233218000884284,94,5728,595,5634,1.46,89.26
59.35,47.09,0.0343,0.0239,104442.15872711287,209079.19159948095,-3.3724511630197673,106.44546044073894,0.058220908551014305,1.434284503785273,-3.7331464345688303,270,5792,355,5522,4.21,90.26
47.66,43.39,0.0402,0.0346,81669.11322566433,108282.36930911575,-3.2127209731990756,91.04979836987701,0.07483767359634332,1.163422618545038,-3.3641120141758085,229,5235,953,5006,3.57,81.58
43.64,47.56,0.056,0.0207,107555.79241569884,83098.80269522518,-2.8815420778887,91.19465996714386,0.07672008938391883,2.711025561768001,-3.878886919192726,225,4892,1300,4667,3.51,76.24
45.25,51.19,0.0601,0.0208,134163.15791927927,92648.74203135092,-2.8110483589516444,96.44249665836156,0.08094563288540915,2.890594406548051,-3.8725271444123575,221,5051,1145,4830,3.44,78.71
54.34,55.89,0.0206,0.0465,174563.83243732652,160495.51948209247,-3.8838230834639154,110.23227655717179,0.06709367091876531,0.4421628216630696,-3.067794604410173,159,5734,524,5575,2.48,89.36
49.09,53.66,0.0415,0.0363,154484.83502243957,118329.254758996,-3.181707174909754,102.75153461714636,0.07785620248680605,1.1422604769730003,-3.314740436683797,159,5318,940,5159,2.48,82.87
44.31,57.16,0.025,0.0179,186746.78690376287,86982.46186378672,-3.6900695445104787,101.4664665823529,0.04283609463715712,1.397442585627134,-4.024753434517564,263,4949,1205,4686,4.1,77.12
43.45,52.94,0.0438,0.0089,148396.3640159445,82048.45855085054,-3.1271138702703976,96.39627446181686,0.05272065089174033,4.9381284847497895,-4.724123088765345,269,4824,1324,4555,4.19,75.18
51.58,46.66,0.0421,0.0172,101566.82754618482,137257.18163247127,-3.166979997489444,98.24065737782703,0.05935362470702395,2.445844964608389,-4.0613943854869605,250,5237,930,4987,3.9,81.61
54.67,49.42,0.0576,0.0153,120708.94557742908,163386.31114256335,-2.855031356428881,104.0898607059518,0.0728278743494963,3.7675799690055425,-4.181481608868505,231,5459,727,5228,3.6,85.07
48.63,44.71,0.0569,0.0544,89359.09732184994,115028.04844662367,-2.8661560752872597,93.34081279701712,0.11132754420078987,1.046019793898052,-2.911165933678951,108,5454,855,5346,1.68,84.99
47.2,54.13,0.0512,0.0374,158645.5153688176,105150.66001363903,-2.971389880514658,101.33421787217603,0.08860117732425588,1.370872758671299,-3.2868569868698034,132,5296,989,5164,2.06,82.53
51.89,46.92,0.0129,0.0555,103306.63444781097,139689.07387308872,-4.348503938512142,98.8084244946739,0.06838785001266307,0.23303770301321672,-2.892026281142043,187,5740,490,5553,2.91,89.45
58.28,53.67,0.0259,0.0265,154603.40862295736,197973.95873183233,-3.6521358084192674,111.95321162403133,0.052407862443486025,0.9796212604835116,-3.6315851151807417,251,5855,311,5604,3.91,91.24
55.27,58.23,0.0549,0.0493,197393.0658924682,168862.3680556541,-2.901734375439769,113.49788744469359,0.10418228821949302,1.115121153444985,-3.0107156381064497,68,5784,565,5716,1.06,90.14
53.83,44.2,0.0166,0.0555,86359.17792804031,155938.45479248997,-4.101299150873496,98.02646029232605,0.07208367554868757,0.29801572061630066,-2.8907505313062716,188,5730,499,5542,2.93,89.29
53.21,42.91,0.0134,0.0431,79001.3525217671,150661.34667653925,-4.3148283076372875,96.11955041951478,0.05646708820342926,0.3101570549362816,-3.144226630245339,226,5743,448,5517,3.52,89.5
42.84,45.52,0.037,0.0446,94345.131679952,78607.98141983415,-3.2960534180977463,88.36125120829912,0.08162927341543588,0.8301826143593949,-3.109970839218676,175,5118,1124,4943,2.73,79.76
54.0,46.62,0.0457,0.0206,101316.2146495649,157431.912122581,-3.0861980287504376,100.61497731461452,0.06622475753786537,2.222433035469704,-3.884822480350151,238,5513,666,5275,3.71,85.91
48.36,55.63,0.0424,0.0529,172129.92183640218,113121.09457661767,-3.1613954266025233,103.99012153153329,0.09528949877473968,0.8004845662166709,-2.9388810034807333,92,5483,842,5391,1.43,85.44
54.09,52.55,0.013,0.0275,145144.49091095178,158286.18514057007,-4.346165773499064,106.6471457997178,0.04040756119995013,0.4719089676824179,-3.5952737813624176,250,5550,617,5300,3.9,86.49
47.32,46.96,0.0595,0.0288,103550.34809635789,105989.96119206808,-2.8222285070150113,94.28356219079896,0.088267127981276,2.065305167043256,-3.5475233175810628,184,5155,1078,4971,2.87,80.33
58.14,53.64,0.05,0.0346,154310.99426539327,196506.01547366357,-2.994802346922756,111.774944375258,0.08463502018261787,1.4467994026637838,-3.364176136761053,165,5822,430,5657,2.57,90.73
52.7,51.25,0.0183,0.0462,134579.26206411762,146376.4478194392,-3.9992514575487017,103.9475222281801,0.06454607095185019,0.39655696403752655,-3.0743704352885777,181,5621,615,5440,2.82,87.6
47.59,43.17,0.0421,0.0174,80450.6503848992,107804.79864064483,-3.1666040036238843,90.76277367304735,0.05951463939412207,2.426315976888666,-4.053001778755499,273,5139,1005,4866,4.25,80.08
58.97,59.21,0.0564,0.0276,207530.0797682863,205096.23505706817,-2.875333528646878,118.17817853338241,0.08397772148617474,2.044649340449334,-3.590577563270026,142,5784,491,5642,2.21,90.14
43.02,58.76,0.0307,0.0591,202919.06760298213,79599.26361102784,-3.4850592761594417,101.78012183976122,0.08978698137339605,0.5183036128221759,-2.8278978177649594,80,5216,1121,5136,1.25,81.28
59.37,57.46,0.0236,0.0284,189756.6159167747,209293.04322356885,-3.7474689266567975,116.83685771160157,0.05194801623352293,0.8309526921825081,-3.5623289266216176,219,5881,317,5662,3.41,91.65
57.43,48.22,0.017,0.0375,112098.0295781354,189436.7619006268,-4.0764751966082375,105.64901217261158,0.054420953083741015,0.45296515589202824,-3.2845940606876654,232,5815,370,5583,3.62,90.62
58.9,54.76,0.0382,0.0131,164175.1321449672,204322.625648063,-3.266039869571487,113.65518384691676,0.051296872418201064,2.90346151624898,-4.331969728743637,238,5799,380,5561,3.71,90.37
53.36,59.83,0.0154,0.0354,214152.3258186892,151921.76075687597,-4.172644902309229,113.18730357485921,0.050830083016053795,0.4350696376672129,-3.340460617144536,190,5459,768,5269,2.96,85.07
57.88,55.53,0.0449,0.0452,171215.13915925118,193950.558193206,-3.103916044211615,113.41294414701727,0.09003354074156775,0.9935726335940157,-3.0974902186484403,135,5987,295,5852,2.1,93.3
48.95,47.81,0.0508,0.0509,109314.49363791228,117298.00428348563,-2.979539976746963,96.76568167210328,0.10167020370334204,0.9991978634801104,-2.978757197298937,108,5533,776,5425,1.68,86.22
57.71,58.5,0.0351,0.0345,200236.5291693057,192169.93155162173,-3.3509507672102927,116.21039702710593,0.06958022488869647,1.0150241153121622,-3.3658916686030222,172,5756,489,5584,2.68,89.7
56.52,53.96,0.0451,0.0501,157130.74242562652,180559.3997574421,-3.098096221033898,110.48246964309332,0.09523148002010226,0.9009073899735286,-2.9937655645312633,107,5889,421,5782,1.67,91.77
58.1,48.58,0.0279,0.013,114652.54526404421,196149.19239663007,-3.5802281839254797,106.68300860204201,0.04083998281223501,2.1482387759919646,-4.344912398772803,299,5666,452,5367,4.66,88.3
52.73,43.37,0.0326,0.0367,81577.1245828103,146574.3510058458,-3.4224883801617016,96.0953366551778,0.06933603633523794,0.8889373418564207,-3.3047904986558523,214,5530,673,5316,3.33,86.18
47.69,52.94,0.0096,0.01,148387.7070583559,108482.44390017967,-4.644486728668201,100.63471034402835,0.01958918240660916,0.9635896374020483,-4.607500981699918,292,4988,1137,4696,4.55,77.73
56.94,48.96,0.0147,0.0356,117384.76559573245,184607.4304823237,-4.2183782671201,105.90314823572339,0.05034816957618386,0.41320416847075336,-3.334632739145181,214,5725,478,5511,3.33,89.22
56.03,46.47,0.041,0.0125,100369.01894862208,175920.89001691923,-3.1953569210283197,102.50530151527158,0.05346578706899544,3.2719156169672123,-4.380756969186716,282,5644,491,5362,4.39,87.95
43.64,51.92,0.0366,0.0417,139926.61992314542,83118.806228847,-3.307690701736279,95.55737708470903,0.07831963972242975,0.8772455423824178,-3.1767496781820657,168,5178,1071,5010,2.62,80.69
55.28,59.58,0.0353,0.0251,211532.4028725787,168883.81601563233,-3.343495943241304,114.85852387744463,0.060396685843725144,1.4076830371027613,-3.685469378293526,183,5692,542,5509,2.85,88.7
56.47,47.42,0.0312,0.0122,106643.80975204665,180045.9119668176,-3.4666134667758786,103.88881819403092,0.04337193072833402,2.569394119847029,-4.410315615464363,302,5622,493,5320,4.71,87.61
43.19,59.36,0.0522,0.0448,209115.85766451358,80550.4869695881,-2.9522064488773645,102.54298547711085,0.09704038387745231,1.1652306440863451,-3.105144642396447,80,5053,1284,4973,1.25,78.74
49.8,45.74,0.0163,0.0212,95690.60737334151,123539.01636175496,-4.11803172766992,95.54376531236824,0.03751336887020754,0.7663089142691751,-3.851923259551127,292,5242,883,4950,4.55,81.69
52.22,55.08,0.0429,0.0228,167072.74862114093,142434.2355488858,-3.1482905931980083,107.30093963275665,0.06573294437680836,1.8818665601360538,-3.780578025104558,193,5462,762,5269,3.01,85.12
59.22,55.48,0.0373,0.0404,170757.32396861116,207700.0417532953,-3.288056319905713,114.7001479044421,0.07768535685365033,0.9247864019377476,-3.209890626045816,147,5927,343,5780,2.29,92.36
49.99,47.02,0.0268,0.0481,103977.88081520727,124910.77931256632,-3.618161762161067,97.01146064577435,0.07492101394421687,0.5579198113470931,-3.0346589976601326,179,5566,672,5387,2.79,86.74
43.0,44.75,0.0104,0.0102,89628.2081692732,79497.5021328833,-4.5626338445573325,87.7505407276076,0.02058809340562424,1.027372817874656,-4.589734566216457,334,4759,1324,4425,5.2,74.16
57.51,54.89,0.0331,0.0132,165361.55475984185,190175.78949956413,-3.4086814508112124,112.3947931484953,0.04625922265715748,2.5108320572457368,-4.329325871753735,252,5640,525,5388,3.93,87.89
51.23,50.92,0.0172,0.031,132007.42254330558,134456.73937758122,-4.064977297648561,102.14776189173011,0.04811313116292858,0.5544881201737073,-3.475325666116841,249,5462,706,5213,3.88,85.12
49.62,53.37,0.0416,0.0104,152045.98412629712,122202.68003710618,-3.1797163123641226,102.99762085975541,0.05199303624783952,4.000589143039684,-4.566181988620168,252,5213,952,4961,3.93,81.24
49.21,53.55,0.0346,0.0533,153526.4238398504,119183.1434588489,-3.363413043479935,102.75815114837721,0.08792422067774888,0.6493407322537006,-2.931644242643239,132,5525,760,5393,2.06,86.1
54.11,45.56,0.0117,0.042,94573.36544125677,158449.89555694643,-4.445257276526691,99.67308401258146,0.053717066554596835,0.2794591491669611,-3.170443348063313,216,5712,489,5496,3.37,89.01
43.21,52.85,0.0577,0.0384,147655.31374540838,80662.55817345792,-2.8518193104010665,96.06194888381023,0.09618076378101426,1.5018937817272973,-3.258563462763391,146,4977,1294,4831,2.28,77.56
49.45,53.85,0.0322,0.0369,156126.92448950562,120890.36293894603,-3.434467404645752,103.2926529951931,0.0691047060618142,0.8746057351906147,-3.300516337492961,198,5441,778,5243,3.09,84.79
58.99,49.41,0.0588,0.0559,120628.99080094146,205277.3849796571,-2.8327977563778934,108.40053845345841,0.11474002978576084,1.0528308813152938,-2.884297363173797,62,6065,290,6003,0.97,94.51
46.13,43.95,0.0133,0.009,84873.54792385663,98146.95844252394,-4.317576396968238,90.07387951521196,0.02229509084983285,1.4870333027434173,-4.714434469557136,338,4932,1147,4594,5.27,76.86
44.38,54.53,0.0118,0.0249,162162.74852318002,87405.08058279926,-4.442466515754518,98.91100791447192,0.03663969034608609,0.4730037779191689,-3.6938996002863944,259,4993,1165,4734,4.04,77.81
57.32,43.15,0.0511,0.0229,80350.00462835627,188369.9899901085,-2.9742373000846496,100.47554000566609,0.07399550031446757,2.2297202455657152,-3.7761330021476818,240,5643,534,5403,3.74,87.94
44.79,54.77,0.0413,0.0544,164284.91247838287,89845.22372942156,-3.187569119191155,99.55705937900517,0.09568934611023697,0.7583908597457247,-2.911036968804575,107,5344,966,5237,1.67,83.28
55.43,56.61,0.0229,0.0174,181418.06250129256,170307.61223123435,-3.775717949073015,112.04002155475567,0.04030618075496945,1.31816307814495,-4.052000738792533,245,5556,616,5311,3.82,86.58
55.7,56.67,0.0604,0.0298,181974.83713008897,172791.05097273606,-2.8067873330096607,112.3660037181651,0.09022519712045009,2.0248343836521756,-3.5122918011515116,150,5603,664,5453,2.34,87.31
49.17,56.14,0.026,0.0572,176965.95087668282,118858.26788991576,-3.648524489106618,105.31043555272495,0.08326556980381322,0.454741235664222,-2.860536173147176,110,5612,695,5502,1.71,87.46
57.56,50.15,0.0477,0.0479,126129.48729356335,190681.46597221494,-3.042361105875162,107.70776694151103,0.09563639752524991,0.9959254266417079,-3.038299163705418,148,5904,365,5756,2.31,92.01
44.53,58.32,0.0347,0.0517,198349.47093113992,88292.84530765169,-3.360184510888172,102.84792437764236,0.08644745045959118,0.6714510375227125,-2.961899125047162,111,5206,1100,5095,1.73,81.13
48.27,58.2,0.0286,0.0086,197114.76606426443,112474.73813905733,-3.554706359248041,106.46863130933751,0.03716208056834501,3.3342348160674184,-4.7589845499899495,271,5035,1111,4764,4.22,78.46
58.37,44.32,0.0249,0.0583,87083.78016371571,198847.82507372976,-3.693181035522387,102.69253426779309,0.08314996948552053,0.4272571212465866,-2.8428519192717463,153,6105,159,5952,2.38,95.14
59.15,52.64,0.0414,0.0317,145878.83317167585,206928.16386033222,-3.183866164713484,111.78977685479953,0.0731469566364355,1.305777686203053,-3.450689096312015,183,5842,392,5659,2.85,91.04
47.81,48.42,0.0436,0.0478,113516.74161319293,109269.4143726086,-3.133220597051584,96.22734921942266,0.09137683893372861,0.9116057795896034,-3.0406959035003758,142,5487,788,5345,2.21,85.51
56.4,56.37,0.0128,0.0342,179128.71302633657,179451.3667768621,-4.3562962893952974,112.77565146747693,0.04697963697004228,0.3754791291783815,-3.3768218695252608,216,5631,570,5415,3.37,87.75
43.74,52.23,0.0314,0.055,142476.89511268417,83699.40607908048,-3.462287024299493,95.97226183037155,0.08631651479056571,0.5705358261382255,-2.9011396007705654,122,5329,966,5207,1.9,83.05
48.8,44.77,0.0156,0.0483,89731.30782420911,116237.73528658903,-4.162713772330851,93.57268999989955,0.0638481723984493,0.32234209820871146,-3.0306361394231534,209,5447,761,5238,3.26,84.88
53.41,44.49,0.0124,0.0451,88087.66002067097,152395.33994406986,-4.386014572459173,97.90862775532364,0.05753051709767081,0.2761451643174857,-3.099266301496791,247,5647,523,5400,3.85,88.0
44.01,56.93,0.0454,0.0123,184483.2161888063,85213.9835988665,-3.093097860295923,100.93224788254099,0.05766356431253515,3.6865183441811977,-4.397802380282209,243,4868,1306,4625,3.79,75.86
44.21,59.77,0.0278,0.0276,213520.50196279067,86429.74469495505,-3.5827219526956946,103.98298329711483,0.0554058946753373,1.0069166808920162,-3.5896507950474255,192,5061,1164,4869,2.99,78.87
56.77,59.09,0.0602,0.0479,206320.70205451813,182967.886465447,-2.810740014990493,115.86083049506348,0.10801316227642788,1.2571272776387121,-3.039585816907668,92,5839,486,5747,1.43,90.99
49.24,44.19,0.0491,0.0375,86294.56135558056,119389.67681391897,-3.013650411823287,93.43086521346034,0.0866506566635855,1.3082127542706674,-3.282332669601373,186,5435,796,5249,2.9,84.7
50.07,58.38,0.0139,0.0341,199019.31207768357,125509.41288780888,-4.277065228041799,108.45244280239453,0.04794221483098185,0.40757466330782177,-3.379606119134384,177,5384,856,5207,2.76,83.9
42.95,50.83,0.011,0.0143,131362.9839999082,79207.01010752958,-4.511730546957657,93.78024644663665,0.0252639110541502,0.7684504987423301,-4.2484424994996015,293,4812,1312,4519,4.57,74.99
44.78,53.95,0.0475,0.0389,157017.20547173056,89778.94877771554,-3.047725305055392,98.72620546840716,0.08632598178678064,1.2214178857168605,-3.247758757964537,127,5140,1150,5013,1.98,80.1
59.35,49.22,0.0231,0.0539,119215.47701411984,209029.10959915473,-3.7672661945382724,108.56399395796974,0.07706306324553289,0.4284377169526823,-2.9196995542637563,151,6089,177,5938,2.35,94.89
46.61,59.37,0.0086,0.0593,209220.54972301508,101240.48947406169,-4.75089311300698,105.9726170198111,0.06794956164392539,0.14573129208048172,-2.825017989046758,119,5391,907,5272,1.85,84.01
43.49,58.12,0.0359,0.0605,196348.0321699173,82281.70495564779,-3.326561578724225,101.61672719243916,0.09644322638537625,0.5933599590982457,-2.8046353710684326,97,5211,1109,5114,1.51,81.21
44.02,52.3,0.0593,0.0357,143088.38142219867,85317.6000116573,-2.8255321498243395,96.32697714760842,0.0949479800908512,1.6616575631963293,-3.3333646560994903,153,4979,1285,4826,2.38,77.59
53.61,54.75,0.032,0.0412,164131.51912067007,154052.08668276394,-3.4405759706992636,108.35879139281792,0.07324304476266216,0.7778188897424911,-3.189345604674756,160,5713,544,5553,2.49,89.03
52.83,58.29,0.0104,0.0229,198104.06009188245,147444.1596314139,-4.565457909050632,111.12439756164304,0.033267066249492105,0.45504439425610016,-3.7781937252640043,256,5427,734,5171,3.99,84.57
59.14,58.11,0.0321,0.0408,196194.3465713608,206892.74180907288,-3.438735953071728,117.25164837243895,0.07290925664606551,0.7867527048590454,-3.198925796090533,124,5973,320,5849,1.93,93.08
47.53,46.0,0.0325,0.0267,97304.83468002338,107407.77233724555,-3.4255726917425475,93.52991541165943,0.05922197848390325,1.2186430892235596,-3.623341450278964,250,5223,944,4973,3.9,81.39
52.82,44.09,0.0595,0.0602,85713.1697905312,147349.1152047158,-2.820998005484487,96.90899041707354,0.1197160337085112,0.9895953640174571,-2.810555656609629,106,5746,565,5640,1.65,89.54
54.79,52.0,0.0244,0.051,140589.03758775373,164506.1443050306,-3.714196814855383,106.79095188627667,0.07542376744404433,0.47744661494401963,-2.9749349148437094,135,5794,488,5659,2.1,90.29
54.56,45.56,0.0562,0.0515,94539.26465974357,162428.26150397456,-2.8790334154551016,100.11675493025379,0.10770026821035991,1.0907500617398493,-2.9659168023006655,140,5735,542,5595,2.18,89.37
59.13,55.27,0.0404,0.0301,168825.03222000098,206782.05145223893,-3.207672223622119,114.4027100239849,0.07057472048477703,1.342680337341379,-3.5023648132711034,190,5895,332,5705,2.96,91.87
58.84,57.69,0.0104,0.0094,191996.19877925524,203708.14293275308,-4.566616267341189,116.52916843173877,0.01978688059952205,1.106031772122163,-4.667491119694753,290,5592,535,5302,4.52,87.14
49.24,56.73,0.0602,0.016,182593.50073071438,119415.24796653434,-2.8096194586573375,105.97603803463298,0.0761839607801372,3.7740760232537216,-4.137791653083713,205,5172,1040,4967,3.19,80.6
53.0,49.32,0.0593,0.0525,119971.72574959906,148866.50728171508,-2.8249862615442636,102.31912211670945,0.11185656267827151,1.1286298293181831,-2.9460074789756825,130,5601,686,5471,2.03,87.28
57.21,50.83,0.0299,0.0225,131367.33262182176,187258.91030457916,-3.508394527103631,108.04612716273037,0.052407185778796855,1.3329611654473714,-3.795830829846245,249,5764,404,5515,3.88,89.82
43.72,57.67,0.051,0.0609,191765.24440861636,83582.2933707959,-2.9758617390933373,101.38893830762817,0.11188752829981741,0.8376705483043595,-2.798750949548938,56,5295,1066,5239,0.87,82.52
59.94,52.33,0.0487,0.058,143311.8176163827,215374.0483756705,-3.022478090133311,112.2731823611702,0.10665754137382945,0.8396030344178536,-2.847672555559253,83,6162,172,6079,1.29,96.03
57.41,47.02,0.0318,0.0148,103934.07334832964,189182.66335218283,-3.44719572671383,104.42317224425551,0.04666631781941803,2.1460689524127856,-4.210864913747528,275,5709,433,5434,4.29,88.97
59.21,53.21,0.0201,0.0435,150624.07011009767,207552.29271875814,-3.907224317015737,112.41389266449065,0.063628170616203,0.46159829123938073,-3.1342138132779858,190,6061,166,5871,2.96,94.45
53.41,48.93,0.014,0.0435,117133.34969752145,152382.07824755274,-4.268112647306669,102.34101903396521,0.057533418674219475,0.3218031376383489,-3.134368742434355,197,5690,530,5493,3.07,88.67
51.73,56.07,0.0355,0.0531,176298.89040035076,138391.4475778186,-3.3377255452323014,107.79780009803021,0.08859705057567523,0.6690978062799323,-2.935928668833271,112,5595,710,5483,1.75,87.19
52.27,52.43,0.0544,0.0293,144093.58382611818,142812.85306024572,-2.911832848021569,104.69657297784528,0.08371921920326225,1.8529399953143912,-3.528624802991109,172,5406,839,5234,2.68,84.24
45.06,43.25,0.0479,0.0408,80882.19535258635,91500.72355709733,-3.037643176863322,88.30826385717864,0.08876113609173272,1.1747230182732684,-3.1986964237906115,191,5159,1067,4968,2.98,80.4
54.9,46.42,0.0152,0.0088,100050.05662115701,165427.3421720865,-4.185470139835999,101.31900778574031,0.023983463872371075,1.7347018186586998,-4.736371402573479,339,5437,641,5098,5.28,84.73
48.8,52.93,0.0287,0.0311,148254.94538412758,116197.37928386207,-3.549092816886277,101.72371548765622,0.05989213336083111,0.9231390409316176,-3.469152183645818,223,5350,844,5127,3.48,83.37
58.35,48.76,0.0352,0.0495,115910.2381120314,198632.23581262707,-3.346963661235783,107.10414428616909,0.08464528835056047,0.711538945627044,-3.0066669523637546,148,5979,290,5831,2.31,93.17
49.59,53.48,0.0536,0.0582,152967.24674798764,121952.82409608534,-2.9258323965904416,103.07135857397273,0.11184868118419208,0.9208045674877516,-2.8433435852684115,72,5573,772,5501,1.12,86.85
45.29,58.73,0.034,0.0217,202609.90548737408,92879.77641102951,-3.3803966672116665,104.02065408006169,0.05569408004492247,1.5710807212644016,-3.8321897901112982,199,5022,1196,4823,3.1,78.26
50.67,59.66,0.0341,0.0254,212301.38267829778,130093.34280204355,-3.379617006901023,110.3256537187845,0.059450457356431986,1.3413496604883541,-3.6733226832440047,189,5357,871,5168,2.95,83.48
53.68,46.89,0.012,0.0148,103112.30434775601,154648.0439815557,-4.421668487756035,100.56867666088735,0.026830907346021664,0.8106743390211986,-4.211862865910633,322,5342,753,5020,5.02,83.25
44.96,45.37,0.0153,0.0419,93393.26730150674,90874.88282391914,-4.176968364902308,90.32911218510866,0.05724623143324385,0.36617562229435385,-3.1723913166797226,234,5129,1054,4895,3.65,79.93
45.89,48.71,0.0554,0.0331,115592.1196200004,96623.16214697044,-2.892433958859175,94.60019209322189,0.08851267765393397,1.6762661422235563,-3.4090207817090006,167,5078,1172,4911,2.6,79.13
